"Country or Area","Year","Unit","Value","Value Footnotes"
"Albania","2006","Metric tons","546.6",""
"Albania","2006","Mil. USD","1.3241134388182",""
"Albania","2005","Metric tons","1878.5",""
"Albania","2005","Mil. USD","4.8442852430353",""
"Albania","2004","Metric tons","751.9",""
"Albania","2004","Mil. USD","2.51702540511709",""
"Algeria","2015","Metric tons","7483",""
"Algeria","2014","Metric tons","7648",""
"Algeria","2013","Metric tons","8241",""
"Algeria","2012","Metric tons","8130",""
"Algeria","2011","Metric tons","8612",""
"Algeria","2010","Metric tons","8273",""
"Algeria","2009","Metric tons","8068",""
"Algeria","2008","Metric tons","7103",""
"Algeria","2007","Metric tons","7734",""
"Algeria","2006","Metric tons","7357",""
"Algeria","2005","Metric tons","6985",""
"Algeria","2004","Metric tons","6976",""
"Algeria","2003","Metric tons","7153.4",""
"Algeria","2002","Metric tons","7099.6",""
"Algeria","2001","Metric tons","7063.2",""
"Algeria","2000","Metric tons","8145.8",""
"Algeria","1999","Metric tons","8326",""
"Algeria","1998","Metric tons","8497.5",""
"Algeria","1997","Metric tons","8382.3",""
"Algeria","1996","Metric tons","8307.1",""
"Algeria","1995","Metric tons","7803.6",""
"Australia","1995","Metric tons","23083","1"
"Austria","2016","Metric tons","0","2"
"Austria","2016","Mil. USD","0","2"
"Azerbaijan","2016","Metric tons","1946.9",""
"Azerbaijan","2016","Mil. USD","7.45744132394455",""
"Azerbaijan","2015","Metric tons","1691.5",""
"Azerbaijan","2015","Mil. USD","6.92977818300258",""
"Azerbaijan","2014","Metric tons","2430.2",""
"Azerbaijan","2014","Mil. USD","9.81707725211083",""
"Azerbaijan","2013","Metric tons","2112",""
"Azerbaijan","2013","Mil. USD","7.137930923502",""
"Azerbaijan","2012","Metric tons","1963.6",""
"Azerbaijan","2012","Mil. USD","6.49147849979159",""
"Azerbaijan","2011","Metric tons","2558.7",""
"Azerbaijan","2011","Mil. USD","8.73764592992586",""
"Azerbaijan","2010","Metric tons","2027",""
"Azerbaijan","2010","Mil. USD","6.1048096140369",""
"Azerbaijan","2009","Metric tons","1543",""
"Azerbaijan","2009","Mil. USD","3.7323490990524",""
"Azerbaijan","2008","Metric tons","1479.2",""
"Azerbaijan","2008","Mil. USD","2.79934906518504",""
"Azerbaijan","2007","Metric tons","1038.8",""
"Azerbaijan","2007","Mil. USD","1.0487997085665",""
"Azerbaijan","2006","Metric tons","2311.4",""
"Azerbaijan","2006","Mil. USD","1.67889461578497",""
"Azerbaijan","2005","Metric tons","2583.6",""
"Azerbaijan","2005","Mil. USD","2.22123265719716",""
"Azerbaijan","2004","Metric tons","2548",""
"Azerbaijan","2004","Mil. USD","1.93345751557833",""
"Azerbaijan","2003","Metric tons","2293",""
"Azerbaijan","2003","Mil. USD","1.52726784001564",""
"Azerbaijan","2002","Metric tons","4030",""
"Azerbaijan","2002","Mil. USD","1.69724420686835",""
"Azerbaijan","2001","Metric tons","8622",""
"Azerbaijan","2001","Mil. USD","5.79824263139999",""
"Azerbaijan","2000","Metric tons","5869",""
"Azerbaijan","2000","Mil. USD","3.2408363257521",""
"Azerbaijan","1999","Metric tons","7761",""
"Azerbaijan","1998","Metric tons","5317",""
"Azerbaijan","1997","Metric tons","10134",""
"Azerbaijan","1996","Metric tons","8539",""
"Azerbaijan","1995","Metric tons","13585",""
"Bangladesh","2005","Metric tons","38000","3"
"Bangladesh","2004","Metric tons","39000","3"
"Bangladesh","2003","Metric tons","37000","3"
"Bangladesh","2002","Metric tons","38000","3"
"Bangladesh","2001","Metric tons","37000","3"
"Belgium","2003","Metric tons","5180.8","4"
"Belgium","2002","Metric tons","5442.9","4"
"Belgium","2001","Metric tons","8930.2","4"
"Belgium","2000","Metric tons","9283.8","4"
"Belgium","1999","Metric tons","8309","4"
"Bosnia and Herzegovina","2016","Metric tons","1823.771",""
"Bosnia and Herzegovina","2016","Mil. USD","5.34907033418884",""
"Bosnia and Herzegovina","2014","Metric tons","2030.172",""
"Bosnia and Herzegovina","2014","Mil. USD","14.4698452444319",""
"Brazil","2015","Metric tons","51414",""
"Brazil","2015","Mil. USD","98.1707381612892",""
"Brazil","2014","Metric tons","35955",""
"Brazil","2014","Mil. USD","90.3936592606077",""
"Brazil","2013","Metric tons","38160",""
"Brazil","2013","Mil. USD","74.4557964709132",""
"Brazil","2012","Metric tons","44725",""
"Brazil","2012","Mil. USD","70.4443129964738",""
"Brazil","2011","Metric tons","40227",""
"Brazil","2011","Mil. USD","70.4761386558409",""
"Brazil","2010","Metric tons","81640",""
"Brazil","2010","Mil. USD","55.7020430682825",""
"Brazil","2009","Metric tons","77647",""
"Brazil","2009","Mil. USD","57.614741328189",""
"Brazil","2008","Metric tons","82844",""
"Brazil","2008","Mil. USD","77.4994815770816",""
"Brazil","2007","Metric tons","72033",""
"Brazil","2007","Mil. USD","51.4572035592155",""
"Brazil","2006","Metric tons","67136",""
"Brazil","2006","Mil. USD","45.3979434506388",""
"Brazil","2005","Metric tons","40312",""
"Brazil","2005","Mil. USD","9.83245439052563",""
"Brazil","2004","Metric tons","62888",""
"Brazil","2004","Mil. USD","4.26806877991473",""
"Brazil","2003","Metric tons","47120",""
"Brazil","2003","Mil. USD","1.01949545756881",""
"Brazil","2002","Metric tons","42092",""
"Brazil","2002","Mil. USD","1.26248126796593",""
"Brazil","2001","Metric tons","50107",""
"Brazil","2001","Mil. USD","14.444471149598",""
"Brazil","2000","Metric tons","43369",""
"Brazil","2000","Mil. USD","2.47595914706056",""
"Bulgaria","2016","Metric tons","14682",""
"Bulgaria","2016","Mil. USD","45.8133999395162",""
"Bulgaria","2015","Metric tons","24795",""
"Bulgaria","2015","Mil. USD","81.0473815461347",""
"Bulgaria","2014","Metric tons","22715",""
"Bulgaria","2014","Mil. USD","103.786547024972",""
"Bulgaria","2013","Metric tons","40274",""
"Bulgaria","2013","Mil. USD","217.16017820319",""
"Bulgaria","2012","Metric tons","39908",""
"Bulgaria","2012","Mil. USD","181.991390427276",""
"Bulgaria","2011","Metric tons","38773",""
"Bulgaria","2011","Mil. USD","192.682559448758",""
"Bulgaria","2010","Metric tons","38640",""
"Bulgaria","2010","Mil. USD","167.86340792049",""
"Bulgaria","2009","Metric tons","47615",""
"Bulgaria","2009","Mil. USD","238.147426289817",""
"Bulgaria","2008","Metric tons","39829",""
"Bulgaria","2008","Mil. USD","164.533137223129",""
"Bulgaria","2007","Metric tons","42987",""
"Bulgaria","2007","Mil. USD","120.359679507365",""
"Bulgaria","2006","Metric tons","48157",""
"Bulgaria","2006","Mil. USD","112.232245927573",""
"Bulgaria","2005","Metric tons","42097",""
"Bulgaria","2005","Mil. USD","113.078095883449",""
"Bulgaria","2004","Metric tons","47667",""
"Bulgaria","2004","Mil. USD","136.498497167418",""
"Bulgaria","2003","Metric tons","32257",""
"Bulgaria","2003","Mil. USD","70.4102745135005",""
"Bulgaria","2002","Metric tons","30954",""
"Bulgaria","2002","Mil. USD","59.702211148425",""
"Bulgaria","2001","Metric tons","31027",""
"Bulgaria","2001","Mil. USD","61.7931455381154",""
"Bulgaria","2000","Metric tons","31263",""
"Bulgaria","2000","Mil. USD","68.7617006746653",""
"Bulgaria","1999","Metric tons","33442",""
"Bulgaria","1999","Mil. USD","83.5822223028962",""
"Bulgaria","1998","Metric tons","33513",""
"Bulgaria","1998","Mil. USD","84.0737917942845",""
"Cabo Verde","1995","Metric tons","70",""
"Cambodia","2006","Metric tons","14.2",""
"Cambodia","2005","Metric tons","14.2",""
"Cambodia","2004","Metric tons","2.5",""
"Cambodia","2003","Metric tons","7.6",""
"Cambodia","2002","Metric tons","2.5",""
"Cambodia","2001","Metric tons","4.7",""
"Cambodia","2000","Metric tons","8",""
"Cambodia","1999","Metric tons","6.4",""
"Cambodia","1998","Metric tons","10.1",""
"Cambodia","1997","Metric tons","10.5",""
"Canada","2016","Mil. USD","47.8346291020107",""
"Canada","2013","Mil. USD","46.0624956247427",""
"Canada","2003","Metric tons","5317",""
"Canada","2003","Mil. USD","134.256290810117",""
"Canada","2002","Mil. USD","140.315699704012",""
"Canada","2001","Mil. USD","131.653639226629",""
"Canada","1998","Metric tons","7686",""
"Canada","1998","Mil. USD","107.92314402611",""
"China","1997","Metric tons","2056000",""
"China","1996","Metric tons","1681800",""
"China","1995","Metric tons","1253200",""
"China, Macao Special Administrative Region","2001","Metric tons","41",""
"China, Macao Special Administrative Region","2001","Mil. USD","0.373436235762744",""
"China, Macao Special Administrative Region","1997","Metric tons","1107",""
"China, Macao Special Administrative Region","1997","Mil. USD","12.6641136426567",""
"Colombia","1999","Metric tons","4",""
"Colombia","1998","Metric tons","3",""
"Colombia","1997","Metric tons","5",""
"Colombia","1995","Metric tons","6",""
"Croatia","2016","Metric tons","8568",""
"Croatia","2016","Mil. USD","23.8134738698044","2"
"Croatia","2015","Metric tons","7302",""
"Croatia","2014","Metric tons","7137",""
"Croatia","2013","Metric tons","9335",""
"Croatia","2012","Metric tons","9452",""
"Croatia","2011","Metric tons","8748",""
"Croatia","2010","Metric tons","12529",""
"Croatia","2009","Metric tons","12982",""
"Croatia","2008","Metric tons","12822",""
"Croatia","2007","Metric tons","12296",""
"Croatia","2006","Metric tons","16812",""
"Croatia","2005","Metric tons","11843",""
"Croatia","2004","Metric tons","12689",""
"Cuba","2016","Metric tons","0",""
"Cuba","2015","Metric tons","0",""
"Cuba","2014","Metric tons","0",""
"Cuba","2013","Metric tons","0",""
"Cuba","2012","Metric tons","0",""
"Cuba","2011","Metric tons","0",""
"Cuba","2010","Metric tons","0",""
"Cuba","2009","Metric tons","0",""
"Cuba","2008","Metric tons","0",""
"Cuba","2007","Metric tons","0",""
"Cuba","2006","Metric tons","0",""
"Cuba","2005","Metric tons","1",""
"Cuba","2004","Metric tons","1",""
"Cuba","2003","Metric tons","2",""
"Cuba","2002","Metric tons","0",""
"Cuba","2001","Metric tons","1",""
"Cuba","2000","Metric tons","7",""
"Cuba","1999","Metric tons","20",""
"Cuba","1998","Metric tons","7",""
"Cuba","1997","Metric tons","3",""
"Cuba","1996","Metric tons","4",""
"Cuba","1995","Metric tons","3",""
"Cyprus","2007","Metric tons","0",""
"Cyprus","2007","Mil. USD","0",""
"Cyprus","2006","Metric tons","0",""
"Cyprus","2006","Mil. USD","0",""
"Cyprus","2005","Metric tons","334",""
"Cyprus","2005","Mil. USD","2.15484497413156",""
"Cyprus","2004","Metric tons","254",""
"Cyprus","2004","Mil. USD","2.1340137035658",""
"Cyprus","2003","Metric tons","350",""
"Cyprus","2003","Mil. USD","1.9325790363547",""
"Cyprus","2002","Metric tons","357",""
"Cyprus","2002","Mil. USD","1.63757249029179",""
"Denmark","2016","Metric tons","5110.417","2"
"Denmark","2016","Mil. USD","159.89587693762","2"
"Denmark","2015","Metric tons","4948",""
"Denmark","2015","Mil. USD","145.340151783086",""
"Denmark","2014","Metric tons","5433",""
"Denmark","2014","Mil. USD","173.636131458917",""
"Denmark","2013","Metric tons","5559",""
"Denmark","2013","Mil. USD","154.714169828929",""
"Denmark","2012","Metric tons","5473",""
"Denmark","2012","Mil. USD","139.586084055075",""
"Denmark","2011","Metric tons","5385",""
"Denmark","2011","Mil. USD","161.792080763094",""
"Denmark","2010","Metric tons","4200",""
"Denmark","2010","Mil. USD","130.284535679201",""
"Denmark","2009","Metric tons","4610",""
"Denmark","2009","Mil. USD","131.445164339099",""
"Denmark","2008","Metric tons","3998",""
"Denmark","2008","Mil. USD","126.900627141614",""
"Denmark","2007","Metric tons","3362.691",""
"Denmark","2007","Mil. USD","116.731433165642",""
"Denmark","2006","Metric tons","3225",""
"Denmark","2006","Mil. USD","102.297070094255",""
"Denmark","2005","Metric tons","3431",""
"Denmark","2005","Mil. USD","100.799078191936",""
"Denmark","2004","Metric tons","3698",""
"Denmark","2004","Mil. USD","105.470376121742",""
"Denmark","2003","Metric tons","3988",""
"Denmark","2003","Mil. USD","104.578045258265",""
"Denmark","2002","Metric tons","3434",""
"Denmark","2002","Mil. USD","81.3443003055736",""
"Denmark","2001","Metric tons","3095",""
"Denmark","2001","Mil. USD","71.3276483594648",""
"Denmark","2000","Metric tons","3659",""
"Denmark","2000","Mil. USD","78.3696278253109",""
"Denmark","1999","Metric tons","4015",""
"Denmark","1999","Mil. USD","89.6935885233306",""
"Denmark","1998","Metric tons","4119",""
"Denmark","1998","Mil. USD","92.4479964661076",""
"Denmark","1997","Metric tons","4032",""
"Denmark","1997","Mil. USD","90.8051643390936",""
"Denmark","1996","Metric tons","4066",""
"Denmark","1996","Mil. USD","102.408281436869",""
"Denmark","1995","Metric tons","4321",""
"Denmark","1995","Mil. USD","108.401508886125",""
"Ecuador","2016","Metric tons","2622.417",""
"Ecuador","2016","Mil. USD","12.46387",""
"Ecuador","2015","Metric tons","1987.842",""
"Ecuador","2015","Mil. USD","11.761998",""
"Ecuador","2014","Metric tons","3075.198895692",""
"Ecuador","2014","Mil. USD","15.516749",""
"Ecuador","2013","Metric tons","3581.689091335",""
"Ecuador","2013","Mil. USD","12.409856",""
"Ecuador","2012","Metric tons","3745.788923924",""
"Ecuador","2012","Mil. USD","12.97843",""
"Ecuador","2011","Metric tons","257.27529",""
"Ecuador","2011","Mil. USD","1.662552",""
"Ecuador","2010","Metric tons","2204.64",""
"Ecuador","2010","Mil. USD","9.10681",""
"Ecuador","2009","Metric tons","1688.14",""
"Ecuador","2009","Mil. USD","8.329896",""
"Ecuador","2008","Metric tons","1805",""
"Ecuador","2008","Mil. USD","5.325",""
"Ecuador","2007","Metric tons","2322.04",""
"Ecuador","2007","Mil. USD","8.381166",""
"Ecuador","2006","Metric tons","0",""
"Ecuador","2006","Mil. USD","0",""
"Ecuador","2005","Metric tons","0",""
"Ecuador","2005","Mil. USD","0",""
"Ecuador","2004","Metric tons","0",""
"Ecuador","2004","Mil. USD","0",""
"Egypt","2016","Metric tons","55723","5"
"Egypt","2016","Mil. USD","87.1721757868994","5"
"Egypt","2015","Metric tons","56035",""
"Egypt","2015","Mil. USD","129.891099316427",""
"Egypt","2014","Metric tons","61060",""
"Egypt","2014","Mil. USD","143.212356442723",""
"Egypt","2009","Metric tons","63144",""
"Egypt","2009","Mil. USD","148.809823636433",""
"Egypt","2008","Metric tons","59138",""
"Egypt","2008","Mil. USD","151.542120607642",""
"Egypt","2006","Metric tons","63397",""
"Egypt","2006","Mil. USD","141.407192069537",""
"Egypt","2005","Metric tons","75290",""
"Egypt","2005","Mil. USD","124.327170997606",""
"Egypt","2004","Metric tons","56553",""
"Egypt","2004","Mil. USD","91.9649411134975",""
"Egypt","2003","Metric tons","20188",""
"Egypt","2003","Mil. USD","423.0358707031",""
"Egypt","2002","Metric tons","41965",""
"Egypt","2002","Mil. USD","101.220608933995",""
"Egypt","2001","Metric tons","47407",""
"Egypt","2001","Mil. USD","124.04731940599",""
"Egypt","2000","Metric tons","27761",""
"Egypt","2000","Mil. USD","99.2989732290722",""
"Egypt","1999","Metric tons","41723",""
"Egypt","1999","Mil. USD","115.11081658199",""
"Egypt","1998","Metric tons","37356",""
"Egypt","1997","Metric tons","38290",""
"Egypt","1996","Metric tons","37564",""
"Egypt","1995","Metric tons","32520",""
"Estonia","2016","Metric tons","0","2"
"Estonia","2016","Mil. USD","0","2"
"Finland","2016","Metric tons","0","2"
"Finland","2016","Mil. USD","0",""
"Finland","2015","Mil. USD","0",""
"Finland","2014","Mil. USD","0",""
"Finland","2013","Mil. USD","0",""
"Finland","2012","Mil. USD","0",""
"Finland","2011","Mil. USD","0",""
"Finland","2010","Mil. USD","0",""
"Finland","2009","Metric tons","0",""
"Finland","2009","Mil. USD","0",""
"Finland","2008","Metric tons","0",""
"Finland","2008","Mil. USD","0",""
"Finland","2007","Metric tons","0",""
"Finland","2007","Mil. USD","0",""
"Finland","2006","Metric tons","0",""
"Finland","2006","Mil. USD","0",""
"Finland","2005","Metric tons","0",""
"Finland","2005","Mil. USD","0",""
"Finland","2004","Metric tons","24",""
"Finland","2004","Mil. USD","0",""
"Finland","2003","Metric tons","109",""
"Finland","2003","Mil. USD","2.25724929719603",""
"Finland","2002","Metric tons","112",""
"Finland","2002","Mil. USD","1.88226141160194",""
"Finland","2001","Metric tons","136",""
"Finland","2001","Mil. USD","1.78969315710821",""
"Finland","2000","Metric tons","89",""
"Finland","2000","Mil. USD","1.84263724384464",""
"Finland","1999","Metric tons","198",""
"Finland","1999","Mil. USD","2.13077123528544",""
"Finland","1998","Metric tons","109",""
"Finland","1998","Mil. USD","2.22517094116387",""
"Finland","1997","Metric tons","995",""
"Finland","1997","Mil. USD","4.58118420051489",""
"Finland","1996","Metric tons","1094",""
"Finland","1995","Metric tons","980",""
"France","2016","Metric tons","0","2"
"France","2016","Mil. USD","0","2"
"France","2005","Metric tons","3400",""
"France","2005","Mil. USD","80.8337064119783",""
"France","2004","Metric tons","3548",""
"France","2004","Mil. USD","83.1920930261434",""
"France","2003","Metric tons","3509",""
"France","2003","Mil. USD","58.6884817270967",""
"France","2002","Metric tons","3560",""
"France","2002","Mil. USD","46.1154045842475",""
"France","2001","Metric tons","3941",""
"France","2001","Mil. USD","43.8474823491512",""
"France","2000","Metric tons","4155",""
"France","2000","Mil. USD","47.9085683399606",""
"France","1999","Metric tons","3916",""
"France","1998","Metric tons","3781",""
"France","1997","Metric tons","3807",""
"France","1996","Metric tons","4362",""
"France","1995","Metric tons","4086",""
"Germany","2016","Metric tons","51048.548",""
"Germany","2015","Metric tons","52863.556",""
"Germany","2014","Metric tons","45842.627",""
"Germany","2014","Mil. USD","692.287402364487",""
"Germany","2013","Metric tons","44300.411",""
"Germany","2008","Metric tons","30277",""
"Germany","2007","Metric tons","31719.1",""
"Germany","2006","Metric tons","34285",""
"Germany","2005","Metric tons","38017.11",""
"Germany","2004","Metric tons","33960.563",""
"Germany","2003","Metric tons","30292.05",""
"Germany","2002","Metric tons","23257.848",""
"Germany","2002","Mil. USD","205.829080938809",""
"Germany","2001","Metric tons","31897.887",""
"Germany","2001","Mil. USD","238.485225230199",""
"Germany","2000","Metric tons","30290.669",""
"Germany","2000","Mil. USD","212.470756298173",""
"Germany","1999","Metric tons","28080.942",""
"Germany","1999","Mil. USD","236.842172378415",""
"Germany","1998","Metric tons","29835.359",""
"Germany","1998","Mil. USD","266.109481131347",""
"Germany","1997","Metric tons","23401.007",""
"Germany","1997","Mil. USD","230.46695632113",""
"Germany","1996","Metric tons","16510.064",""
"Germany","1996","Mil. USD","209.623956862127",""
"Germany","1995","Metric tons","18792.806",""
"Germany","1995","Mil. USD","255.182887834806",""
"Greece","2016","Metric tons","15933.514",""
"Greece","2016","Mil. USD","76.0453890238655",""
"Greece","2015","Metric tons","11440.773",""
"Greece","2015","Mil. USD","68.2052789267346",""
"Greece","2014","Metric tons","14763.904",""
"Greece","2014","Mil. USD","108.006367531221",""
"Greece","2013","Metric tons","13632.42",""
"Greece","2013","Mil. USD","96.7995448271651",""
"Greece","2004","Metric tons","400.09","6"
"Greece","2004","Mil. USD","1.11975191372856","6"
"Greece","2003","Metric tons","1493.549","6"
"Greece","2003","Mil. USD","3.25473679062414","6"
"Greece","2002","Metric tons","3339.808","6"
"Greece","2002","Mil. USD","5.37557954044586","6"
"Greece","2001","Metric tons","4440.622","6"
"Greece","2001","Mil. USD","12.0377960085024","6"
"Greece","2000","Metric tons","4135.809","6"
"Greece","2000","Mil. USD","13.8109628387448","6"
"Greece","1999","Metric tons","4407.549","6"
"Greece","1999","Mil. USD","15.5805035425921","6"
"Greece","1998","Metric tons","2282",""
"Greece","1996","Metric tons","72.017","6"
"Greece","1996","Mil. USD","0.359363706042472","6"
"Greece","1995","Metric tons","18.407","6"
"Greece","1995","Mil. USD","0.591182934567995","6"
"Hungary","2016","Metric tons","2309",""
"Hungary","2016","Mil. USD","61.5224315404907",""
"Hungary","2015","Metric tons","1974",""
"Hungary","2015","Mil. USD","56.3521967547636",""
"Hungary","2014","Metric tons","2185",""
"Hungary","2014","Mil. USD","70.0123960031796",""
"Hungary","2013","Metric tons","2696",""
"Hungary","2013","Mil. USD","98.3303158318246",""
"Hungary","2012","Metric tons","3092",""
"Hungary","2012","Mil. USD","104.378341001111",""
"Hungary","2011","Metric tons","8982",""
"Hungary","2011","Mil. USD","124.607698951302",""
"Hungary","2010","Metric tons","9274",""
"Hungary","2010","Mil. USD","117.930694537396",""
"Hungary","2009","Metric tons","7434",""
"Hungary","2009","Mil. USD","74.2555907911535",""
"Hungary","2008","Metric tons","7895",""
"Hungary","2008","Mil. USD","78.7736762598289",""
"Hungary","2004","Metric tons","1450",""
"Hungary","2004","Mil. USD","36.7948375429007",""
"Hungary","2003","Metric tons","1465",""
"Hungary","2003","Mil. USD","23.2806277120608",""
"Iceland","2016","Metric tons","0","2"
"Iceland","2016","Mil. USD","0","2"
"India","2015","Mil. USD","2303.1727914674",""
"India","2014","Mil. USD","1200.91404377855",""
"India","2013","Mil. USD","1281.66847196683",""
"India","2012","Mil. USD","1545.5424131808",""
"India","2011","Mil. USD","1378.687093074",""
"India","2005","Metric tons","5184",""
"India","2005","Mil. USD","7.00372469598906",""
"India","2004","Mil. USD","3.24952591920229",""
"India","2003","Metric tons","1530",""
"India","2003","Mil. USD","1.19299278687968",""
"Indonesia","2002","Metric tons","79112",""
"Indonesia","2001","Metric tons","162149",""
"Indonesia","2000","Metric tons","243391",""
"Indonesia","1999","Metric tons","127935",""
"Indonesia","1998","Metric tons","144589",""
"Indonesia","1997","Metric tons","141838",""
"Indonesia","1995","Metric tons","112448",""
"Iran (Islamic Republic of)","2009","Metric tons","1826.952",""
"Iran (Islamic Republic of)","2009","Mil. USD","8.32163200225459",""
"Iran (Islamic Republic of)","2008","Metric tons","4947",""
"Iran (Islamic Republic of)","2007","Metric tons","900",""
"Iran (Islamic Republic of)","2006","Metric tons","1073",""
"Iran (Islamic Republic of)","2005","Metric tons","12601",""
"Iran (Islamic Republic of)","2004","Metric tons","8765.66",""
"Iran (Islamic Republic of)","1998","Metric tons","2509","7"
"Iran (Islamic Republic of)","1997","Metric tons","3754","7"
"Iran (Islamic Republic of)","1996","Metric tons","2520","7"
"Iran (Islamic Republic of)","1995","Metric tons","3546","7"
"Ireland","2004","Metric tons","9306",""
"Ireland","2004","Mil. USD","107.923736442483",""
"Ireland","2003","Metric tons","9513",""
"Ireland","2003","Mil. USD","103.833467671017",""
"Ireland","2002","Metric tons","8145",""
"Ireland","2002","Mil. USD","86.168986292431",""
"Ireland","2001","Metric tons","7478",""
"Ireland","2001","Mil. USD","76.3742606330145",""
"Ireland","2000","Metric tons","6216",""
"Ireland","2000","Mil. USD","67.11194497271",""
"Ireland","1999","Metric tons","3018",""
"Ireland","1999","Mil. USD","42.0514915944213",""
"Ireland","1998","Metric tons","3107",""
"Ireland","1998","Mil. USD","44.1050790016738",""
"Ireland","1997","Metric tons","3288",""
"Ireland","1997","Mil. USD","49.2042926257995",""
"Ireland","1996","Metric tons","3252.423",""
"Ireland","1996","Mil. USD","54.426294404394",""
"Ireland","1995","Metric tons","3421.288",""
"Ireland","1995","Mil. USD","55.6244242157593",""
"Italy","2004","Metric tons","59941","6"
"Italy","2004","Mil. USD","125.827419865527","6"
"Italy","2003","Metric tons","71966","6"
"Italy","2003","Mil. USD","134.660721322823","6"
"Italy","2002","Metric tons","33",""
"Italy","2001","Metric tons","96",""
"Italy","2000","Metric tons","62",""
"Italy","1999","Metric tons","41",""
"Italy","1998","Metric tons","149",""
"Italy","1997","Metric tons","59",""
"Italy","1996","Metric tons","162",""
"Italy","1995","Metric tons","214",""
"Japan","2016","Metric tons","17",""
"Japan","2016","Mil. USD","3.03328617952091",""
"Japan","2015","Metric tons","3",""
"Japan","2015","Mil. USD","0.165229137781395",""
"Japan","2014","Metric tons","3","8"
"Japan","2014","Mil. USD","1.88777585938849","8"
"Japan","2013","Metric tons","8","9"
"Japan","2013","Mil. USD","2.04927148937511","9"
"Japan","2012","Metric tons","7","9"
"Japan","2012","Mil. USD","2.5065653627097","9"
"Japan","2011","Metric tons","199","9"
"Japan","2011","Mil. USD","3.75906771266213","9"
"Japan","2010","Metric tons","36","9"
"Japan","2010","Mil. USD","18.2274126045406","9"
"Japan","2009","Metric tons","3","9"
"Japan","2009","Mil. USD","1.06871758887579","9"
"Japan","2008","Metric tons","2","9"
"Japan","2008","Mil. USD","0.967496996751108","9"
"Japan","2007","Metric tons","2","9"
"Japan","2007","Mil. USD","0.849231447309415","9"
"Japan","2006","Metric tons","2","9"
"Japan","2006","Mil. USD","0.859850316970203","9"
"Japan","2005","Metric tons","9","9"
"Japan","2005","Mil. USD","0.90729107728975","9"
"Kazakhstan","2016","Metric tons","1",""
"Kazakhstan","2015","Metric tons","1",""
"Kazakhstan","2014","Metric tons","1",""
"Kazakhstan","2013","Metric tons","1",""
"Kazakhstan","2012","Metric tons","727",""
"Kazakhstan","2011","Metric tons","632",""
"Kazakhstan","2010","Metric tons","1240",""
"Kazakhstan","2009","Metric tons","2557",""
"Kazakhstan","2008","Metric tons","3144",""
"Kazakhstan","2007","Metric tons","4247",""
"Kazakhstan","2006","Metric tons","4808",""
"Kazakhstan","2005","Metric tons","6297",""
"Kazakhstan","2004","Metric tons","5075",""
"Kazakhstan","2003","Metric tons","3948",""
"Kazakhstan","2002","Metric tons","10528",""
"Kazakhstan","2001","Metric tons","11478",""
"Kazakhstan","2000","Metric tons","8342",""
"Kenya","2009","Metric tons","0",""
"Kenya","2009","Mil. USD","0",""
"Kenya","2008","Metric tons","0",""
"Kenya","2008","Mil. USD","0",""
"Kenya","2007","Metric tons","0.007",""
"Kenya","2007","Mil. USD","0.000103984634563028",""
"Kenya","2006","Metric tons","0.3",""
"Kenya","2006","Mil. USD","0.00554778595699904",""
"Kenya","2005","Metric tons","0.4",""
"Kenya","2005","Mil. USD","0.00661777372045419",""
"Kenya","2004","Metric tons","0.43",""
"Kenya","2004","Mil. USD","0.00492586721008445",""
"Kenya","2003","Metric tons","0.4",""
"Kenya","2003","Mil. USD","0.00526762363048645",""
"Kenya","2002","Metric tons","0.61",""
"Kenya","2002","Mil. USD","0.00749214515248155",""
"Kenya","2001","Metric tons","0.8",""
"Kenya","2001","Mil. USD","0.0120921762410503",""
"Kenya","2000","Metric tons","0.83",""
"Kenya","2000","Mil. USD","0.00682633806892305",""
"Kenya","1999","Metric tons","0.82",""
"Kenya","1999","Mil. USD","0.0154991986155945",""
"Kenya","1998","Metric tons","0.9",""
"Kenya","1998","Mil. USD","0.0160684615856093",""
"Kenya","1997","Metric tons","1.23",""
"Kenya","1997","Mil. USD","0.0185589276458639",""
"Kenya","1996","Metric tons","1.16",""
"Kenya","1996","Mil. USD","0.0192594339127116",""
"Kenya","1995","Metric tons","1.01",""
"Kenya","1995","Mil. USD","0.0186662086532136",""
"Kyrgyzstan","2015","Metric tons","1985",""
"Kyrgyzstan","2014","Metric tons","5731.4",""
"Kyrgyzstan","2013","Metric tons","5771.1",""
"Kyrgyzstan","2012","Metric tons","4371.9",""
"Kyrgyzstan","2011","Metric tons","7756.2",""
"Kyrgyzstan","2010","Metric tons","8611.6",""
"Kyrgyzstan","2009","Metric tons","7847.5",""
"Kyrgyzstan","2008","Metric tons","8578",""
"Kyrgyzstan","2007","Metric tons","8184.4",""
"Kyrgyzstan","2005","Metric tons","8589.3",""
"Kyrgyzstan","2004","Metric tons","8598.9",""
"Kyrgyzstan","2003","Metric tons","13313.4",""
"Kyrgyzstan","2002","Metric tons","21159.4",""
"Kyrgyzstan","2001","Metric tons","27375.7",""
"Kyrgyzstan","2000","Metric tons","31858.8",""
"Kyrgyzstan","1999","Metric tons","38372.1",""
"Kyrgyzstan","1998","Metric tons","40313.3",""
"Kyrgyzstan","1997","Metric tons","24270.8",""
"Kyrgyzstan","1996","Metric tons","10735.5",""
"Kyrgyzstan","1995","Metric tons","17342.1",""
"Lao People's Democratic Republic","2000","Metric tons","39.8","3"
"Lao People's Democratic Republic","1999","Metric tons","23.4","3"
"Lao People's Democratic Republic","1998","Metric tons","25.6","3"
"Lao People's Democratic Republic","1997","Metric tons","28","3"
"Lao People's Democratic Republic","1996","Metric tons","26","3"
"Latvia","2016","Metric tons","0","2"
"Latvia","2016","Mil. USD","0","2"
"Lebanon","2007","Metric tons","577.3",""
"Lebanon","2006","Metric tons","744.1",""
"Lebanon","2005","Metric tons","655.3",""
"Lebanon","2004","Metric tons","1803.3",""
"Lebanon","2003","Metric tons","2023.8",""
"Lebanon","2002","Metric tons","2122.3",""
"Lebanon","2001","Metric tons","1457.2",""
"Lebanon","2000","Metric tons","1008.9",""
"Lebanon","1999","Metric tons","945.1",""
"Lebanon","1998","Metric tons","671.6",""
"Lebanon","1997","Metric tons","793",""
"Lebanon","1996","Metric tons","539",""
"Lebanon","1995","Metric tons","535",""
"Lithuania","2016","Metric tons","0",""
"Lithuania","2016","Mil. USD","0",""
"Lithuania","2015","Metric tons","0",""
"Lithuania","2015","Mil. USD","0",""
"Lithuania","2014","Metric tons","0",""
"Lithuania","2014","Mil. USD","0",""
"Lithuania","2013","Metric tons","0",""
"Lithuania","2013","Mil. USD","0",""
"Lithuania","2012","Metric tons","0",""
"Lithuania","2012","Mil. USD","0",""
"Lithuania","2011","Metric tons","0",""
"Lithuania","2011","Mil. USD","0",""
"Lithuania","2010","Metric tons","0",""
"Lithuania","2010","Mil. USD","0",""
"Lithuania","2009","Metric tons","0",""
"Lithuania","2009","Mil. USD","0",""
"Lithuania","2008","Metric tons","0",""
"Lithuania","2008","Mil. USD","0",""
"Lithuania","2007","Metric tons","0",""
"Lithuania","2007","Mil. USD","0",""
"Lithuania","2006","Metric tons","0",""
"Lithuania","2006","Mil. USD","0",""
"Lithuania","2005","Metric tons","0",""
"Lithuania","2005","Mil. USD","0",""
"Lithuania","2004","Metric tons","0",""
"Lithuania","2004","Mil. USD","0",""
"Lithuania","2003","Metric tons","0",""
"Lithuania","2003","Mil. USD","0",""
"Lithuania","2002","Metric tons","0",""
"Lithuania","2002","Mil. USD","0",""
"Lithuania","2001","Metric tons","0",""
"Lithuania","2001","Mil. USD","0",""
"Lithuania","2000","Metric tons","0",""
"Lithuania","2000","Mil. USD","0",""
"Lithuania","1999","Metric tons","0",""
"Lithuania","1999","Mil. USD","0",""
"Lithuania","1998","Metric tons","0",""
"Lithuania","1998","Mil. USD","0",""
"Lithuania","1997","Metric tons","0",""
"Lithuania","1997","Mil. USD","0",""
"Luxembourg","2016","Metric tons","0","2"
"Luxembourg","2016","Mil. USD","0","2"
"Madagascar","2006","Metric tons","3.646674496",""
"Madagascar","2005","Metric tons","3.473869501",""
"Madagascar","2004","Metric tons","3.3",""
"Madagascar","2004","Mil. USD","0.00390612911790063",""
"Madagascar","1998","Metric tons","299",""
"Madagascar","1997","Metric tons","177",""
"Madagascar","1996","Metric tons","438",""
"Madagascar","1995","Metric tons","224",""
"Malawi","2015","Metric tons","189789.8",""
"Malawi","2014","Metric tons","191967.5",""
"Malawi","2013","Metric tons","168667.3",""
"Malawi","2012","Metric tons","151500",""
"Malawi","2011","Metric tons","237169.7",""
"Malawi","2010","Metric tons","220198",""
"Malawi","2009","Metric tons","160050",""
"Malawi","2008","Metric tons","208154",""
"Malawi","2007","Metric tons","160236",""
"Malawi","2006","Metric tons","117412",""
"Malawi","2005","Metric tons","121600",""
"Malawi","2001","Metric tons","69","10"
"Malawi","2000","Metric tons","76","10"
"Malawi","1999","Metric tons","99","10"
"Malawi","1998","Metric tons","125","10"
"Malawi","1997","Metric tons","158","10"
"Malawi","1996","Metric tons","142","10"
"Malawi","1995","Metric tons","129","10"
"Malta","2016","Metric tons","0","2"
"Malta","2016","Mil. USD","0","2"
"Mexico","2006","Metric tons","0",""
"Mexico","2006","Mil. USD","0",""
"Mexico","2005","Metric tons","0",""
"Mexico","2005","Mil. USD","0",""
"Mexico","2004","Metric tons","0",""
"Mexico","2004","Mil. USD","0",""
"Mexico","2003","Metric tons","0",""
"Mexico","2003","Mil. USD","0",""
"Mexico","2002","Metric tons","0",""
"Mexico","2002","Mil. USD","0",""
"Mexico","2001","Metric tons","0",""
"Mexico","2001","Mil. USD","0",""
"Mexico","2000","Metric tons","0",""
"Mexico","2000","Mil. USD","0",""
"Mexico","1999","Metric tons","0",""
"Mexico","1999","Mil. USD","0",""
"Mexico","1997","Metric tons","0",""
"Mexico","1997","Mil. USD","0",""
"Mexico","1996","Metric tons","0",""
"Mexico","1996","Mil. USD","0",""
"Mexico","1995","Metric tons","0",""
"Mexico","1995","Mil. USD","0",""
"Mongolia","2016","Mil. USD","10.0564858552795",""
"Mongolia","2015","Mil. USD","36.8794403015636",""
"Mongolia","2014","Mil. USD","50.0782133629557",""
"Mongolia","2013","Mil. USD","49.0700134356785",""
"Mongolia","2012","Mil. USD","37.7615821236646",""
"Mongolia","2011","Mil. USD","36.3611542313159",""
"Mongolia","2010","Mil. USD","26.9207401227842",""
"Mongolia","2009","Mil. USD","23.524772307596",""
"Mongolia","2008","Mil. USD","0.314117937189278",""
"Mongolia","2007","Mil. USD","1.0000847288073",""
"Mongolia","2006","Mil. USD","1.94125762288266",""
"Montenegro","2016","Metric tons","0","2"
"Montenegro","2016","Mil. USD","0","2"
"Montenegro","2007","Metric tons","332",""
"Montenegro","2006","Metric tons","554",""
"Montenegro","2005","Metric tons","448",""
"Montenegro","2004","Metric tons","300",""
"Montenegro","2003","Metric tons","293",""
"Montenegro","2002","Metric tons","186",""
"Morocco","2007","Metric tons","7",""
"Morocco","2006","Metric tons","5",""
"Morocco","2005","Metric tons","5",""
"Morocco","2004","Metric tons","5",""
"Morocco","2003","Metric tons","5",""
"Morocco","2002","Metric tons","6","10"
"Morocco","2001","Metric tons","6",""
"Morocco","2000","Metric tons","7","10"
"Morocco","1999","Metric tons","4","10"
"Morocco","1998","Metric tons","11","10"
"Morocco","1997","Metric tons","9","10"
"Morocco","1996","Metric tons","6","10"
"Morocco","1995","Metric tons","4","10"
"Mozambique","2015","Metric tons","53.1089764",""
"Mozambique","2015","Mil. USD","148.770317076538",""
"Mozambique","2014","Metric tons","53.5189605",""
"Mozambique","2014","Mil. USD","143.617352932712",""
"Mozambique","2013","Metric tons","42.5230933",""
"Mozambique","2013","Mil. USD","190.221939369345",""
"Mozambique","2012","Metric tons","38.72010455",""
"Mozambique","2012","Mil. USD","171.631577827202",""
"Mozambique","2011","Metric tons","19.548187657",""
"Mozambique","2011","Mil. USD","68.5952738731245",""
"Mozambique","2010","Metric tons","16.2359998",""
"Mozambique","2010","Mil. USD","23.4628296344955",""
"Mozambique","2009","Metric tons","23.47417",""
"Mozambique","2009","Mil. USD","64.0519218959991",""
"Mozambique","2008","Metric tons","20.4359",""
"Mozambique","2008","Mil. USD","35.3729485417447",""
"Mozambique","2007","Metric tons","12.78043607",""
"Mozambique","2007","Mil. USD","20.8038001681861",""
"Mozambique","2006","Metric tons","39.524591",""
"Mozambique","2006","Mil. USD","65.450895820617",""
"Nepal","2011","Metric tons","6599.2",""
"Nepal","2011","Mil. USD","4.61732633141093",""
"Nepal","2007","Metric tons","276.8",""
"Nepal","2007","Mil. USD","0.365956334204635",""
"Nepal","2001","Mil. USD","0.0800541699883588",""
"Netherlands","2016","Metric tons","36889",""
"Netherlands","2016","Mil. USD","347.759716699858",""
"Netherlands","2015","Metric tons","47942",""
"Netherlands","2015","Mil. USD","417.25421235263",""
"Netherlands","2014","Metric tons","45974",""
"Netherlands","2014","Mil. USD","487.814788426228",""
"Netherlands","2013","Metric tons","96972",""
"Netherlands","2013","Mil. USD","884.275218196835",""
"Netherlands","2012","Metric tons","107623",""
"Netherlands","2012","Mil. USD","832.590672711677",""
"Netherlands","2011","Metric tons","56456",""
"Netherlands","2011","Mil. USD","514.34949917879",""
"Netherlands","1995","Metric tons","41750",""
"New Zealand","2009","Metric tons","148",""
"New Zealand","2008","Metric tons","144",""
"New Zealand","2007","Metric tons","118",""
"New Zealand","2006","Metric tons","396",""
"New Zealand","2005","Metric tons","819",""
"New Zealand","2004","Metric tons","788",""
"New Zealand","2003","Metric tons","701",""
"New Zealand","2002","Metric tons","705",""
"New Zealand","2001","Metric tons","696",""
"New Zealand","2000","Metric tons","822",""
"New Zealand","1999","Metric tons","723",""
"New Zealand","1998","Metric tons","739",""
"New Zealand","1997","Metric tons","687",""
"New Zealand","1996","Metric tons","658",""
"New Zealand","1995","Metric tons","808",""
"Nigeria","2005","Mil. USD","0",""
"Nigeria","2004","Mil. USD","0",""
"Nigeria","2003","Mil. USD","0",""
"Nigeria","2002","Metric tons","9","10"
"Nigeria","2002","Mil. USD","0",""
"Nigeria","2001","Metric tons","9","10"
"Nigeria","2001","Mil. USD","0",""
"Nigeria","2000","Metric tons","9","10"
"Nigeria","1999","Metric tons","9","10"
"Nigeria","1998","Metric tons","9","10"
"Nigeria","1997","Metric tons","9","10"
"Nigeria","1996","Metric tons","9","10"
"Nigeria","1995","Metric tons","9","10"
"Norway","2016","Metric tons","0","2"
"Norway","2016","Mil. USD","0","2"
"Norway","2004","Mil. USD","56.2170849301521",""
"Norway","2003","Metric tons","2059",""
"Norway","2003","Mil. USD","57.3807298740857",""
"Norway","2002","Metric tons","2293",""
"Norway","2002","Mil. USD","53.7607577765024",""
"Poland","2016","Metric tons","21204",""
"Poland","2016","Mil. USD","333.191019908372",""
"Poland","2015","Metric tons","23661",""
"Poland","2015","Mil. USD","341.391457753018",""
"Poland","2014","Metric tons","20964",""
"Poland","2014","Mil. USD","352.095523612559",""
"Poland","2013","Metric tons","21970",""
"Poland","2013","Mil. USD","318.165758758242",""
"Poland","2012","Metric tons","25027",""
"Poland","2012","Mil. USD","323.134198047489",""
"Poland","2010","Metric tons","27998.4",""
"Poland","2010","Mil. USD","339.302888601466",""
"Poland","2009","Metric tons","30028.9",""
"Poland","2009","Mil. USD","342.612648464145",""
"Poland","2008","Metric tons","33384",""
"Poland","2008","Mil. USD","302.921488246588",""
"Poland","2007","Metric tons","41621",""
"Poland","2007","Mil. USD","252.388952112574",""
"Poland","2006","Metric tons","20511",""
"Poland","2006","Mil. USD","144.594619997368",""
"Poland","2005","Metric tons","5218",""
"Poland","2005","Mil. USD","35.3270248133973",""
"Poland","2004","Metric tons","3276",""
"Poland","2004","Mil. USD","12.4670495788497",""
"Poland","2003","Metric tons","2204",""
"Poland","2003","Mil. USD","17.5105905645944",""
"Poland","2002","Metric tons","118",""
"Poland","2002","Mil. USD","1.22548018398543",""
"Poland","2001","Metric tons","19",""
"Poland","2001","Mil. USD","0.268692444856982",""
"Poland","2000","Metric tons","13","11"
"Poland","2000","Mil. USD","0.253101936805048",""
"Poland","1999","Metric tons","5",""
"Poland","1998","Metric tons","8",""
"Poland","1997","Metric tons","13",""
"Poland","1996","Metric tons","23",""
"Poland","1995","Metric tons","41",""
"Portugal","2016","Metric tons","7689.834",""
"Portugal","2016","Mil. USD","49.0349928083768",""
"Portugal","2015","Metric tons","6973.81845",""
"Portugal","2015","Mil. USD","48.0950357370263",""
"Portugal","2014","Metric tons","11459.113",""
"Portugal","2014","Mil. USD","115.431516493933",""
"Portugal","2013","Metric tons","12875.078",""
"Portugal","2013","Mil. USD","123.478734937603",""
"Portugal","2012","Metric tons","11522.878",""
"Portugal","2012","Mil. USD","94.7123451727582",""
"Portugal","2011","Metric tons","13042.024",""
"Portugal","2011","Mil. USD","96.229608877614",""
"Portugal","2010","Metric tons","13661.548",""
"Portugal","2010","Mil. USD","95.8539551973249",""
"Portugal","2009","Metric tons","13604.144",""
"Portugal","2009","Mil. USD","101.144657390024",""
"Portugal","2008","Metric tons","9372.907",""
"Portugal","2008","Mil. USD","69.6076655801346",""
"Portugal","2007","Metric tons","3.266",""
"Portugal","2007","Mil. USD","0.113881370720775",""
"Portugal","2006","Metric tons","7.309",""
"Portugal","2006","Mil. USD","0.205834393546101",""
"Portugal","2005","Metric tons","10.029",""
"Portugal","2005","Mil. USD","0.202673730289012",""
"Portugal","2004","Metric tons","8",""
"Portugal","2004","Mil. USD","0",""
"Portugal","2003","Metric tons","6.916",""
"Portugal","2003","Mil. USD","0.187981464221188",""
"Portugal","2002","Metric tons","9.149",""
"Portugal","2002","Mil. USD","0.185768848887348",""
"Portugal","2001","Metric tons","10.507",""
"Portugal","2001","Mil. USD","0.175065994935168",""
"Portugal","2000","Metric tons","13.567",""
"Portugal","2000","Mil. USD","0.160837355784845",""
"Portugal","1999","Metric tons","9.937",""
"Portugal","1999","Mil. USD","0.149650456167802",""
"Portugal","1998","Metric tons","157.854",""
"Portugal","1998","Mil. USD","2.3685908277351",""
"Portugal","1997","Metric tons","147.119",""
"Portugal","1997","Mil. USD","2.04763473493282",""
"Republic of Moldova","2016","Metric tons","1097.1",""
"Republic of Moldova","2015","Metric tons","1665.3",""
"Republic of Moldova","2014","Metric tons","2553.9",""
"Republic of Moldova","2013","Metric tons","3570.9",""
"Republic of Moldova","2012","Metric tons","5693.7",""
"Republic of Moldova","2011","Metric tons","6758.6",""
"Republic of Moldova","2010","Metric tons","7286.6",""
"Republic of Moldova","2009","Metric tons","4901.2",""
"Republic of Moldova","2008","Metric tons","6258.7",""
"Republic of Moldova","2007","Metric tons","4338",""
"Republic of Moldova","2006","Metric tons","5190.5",""
"Republic of Moldova","2005","Metric tons","8207",""
"Republic of Moldova","2004","Metric tons","7562",""
"Republic of Moldova","2003","Metric tons","8224",""
"Romania","2007","Metric tons","3100",""
"Romania","2007","Mil. USD","14.9960012303906",""
"Romania","2006","Metric tons","0",""
"Romania","2006","Mil. USD","0",""
"Romania","2005","Metric tons","534",""
"Romania","2005","Mil. USD","0.90676544148271",""
"Romania","2004","Metric tons","6927",""
"Romania","2004","Mil. USD","43.7438760539622",""
"Romania","2003","Metric tons","12668",""
"Romania","2003","Mil. USD","52.4303098248912",""
"Romania","2002","Metric tons","13259",""
"Romania","2002","Mil. USD","47.057321595877",""
"Romania","2001","Metric tons","37515",""
"Romania","2000","Metric tons","33301",""
"Romania","1999","Metric tons","30802",""
"Romania","1998","Metric tons","28576",""
"Romania","1997","Metric tons","25945",""
"Romania","1996","Metric tons","25440",""
"Romania","1995","Metric tons","22538",""
"Russian Federation","2016","Metric tons","329.25",""
"Russian Federation","2015","Metric tons","407.94",""
"Russian Federation","2014","Metric tons","100.1",""
"Russian Federation","2013","Metric tons","17.04",""
"Russian Federation","2012","Metric tons","18.6",""
"Russian Federation","2011","Metric tons","9",""
"Russian Federation","2010","Metric tons","4",""
"Russian Federation","2009","Metric tons","6",""
"Russian Federation","2008","Metric tons","4",""
"Russian Federation","2007","Metric tons","0",""
"Russian Federation","2006","Metric tons","0",""
"Russian Federation","2005","Metric tons","0",""
"Russian Federation","2004","Metric tons","0",""
"Russian Federation","2003","Metric tons","0",""
"Russian Federation","2002","Metric tons","0",""
"Russian Federation","2001","Metric tons","0",""
"Russian Federation","2000","Metric tons","109",""
"Russian Federation","1999","Metric tons","0",""
"Russian Federation","1998","Metric tons","0",""
"Russian Federation","1997","Metric tons","1",""
"Russian Federation","1996","Metric tons","23",""
"Russian Federation","1995","Metric tons","3",""
"Serbia","2010","Metric tons","4952",""
"Serbia","2009","Metric tons","4197",""
"Serbia","2008","Metric tons","4769",""
"Serbia","2007","Metric tons","3822",""
"Serbia","2006","Metric tons","8627",""
"Slovakia","2016","Metric tons","0","2"
"Slovakia","2016","Mil. USD","0","2"
"Slovakia","2000","Metric tons","3298",""
"Slovakia","1999","Metric tons","2563",""
"Slovakia","1998","Metric tons","361",""
"Slovenia","2016","Metric tons","0","2"
"Slovenia","2016","Mil. USD","0","2"
"Slovenia","2015","Metric tons","0",""
"Slovenia","2015","Mil. USD","0",""
"Slovenia","2014","Metric tons","0",""
"Slovenia","2014","Mil. USD","0",""
"Slovenia","2013","Metric tons","0",""
"Slovenia","2013","Mil. USD","0",""
"Slovenia","2012","Metric tons","0",""
"Slovenia","2012","Mil. USD","0",""
"Slovenia","2011","Metric tons","0",""
"Slovenia","2011","Mil. USD","0",""
"Slovenia","1996","Metric tons","0",""
"Slovenia","1995","Metric tons","123",""
"South Africa","2002","Metric tons","78823","10"
"South Africa","2001","Metric tons","74471","10"
"South Africa","2000","Metric tons","67387","10"
"South Africa","1999","Metric tons","65812","10"
"South Africa","1998","Metric tons","63350","10"
"South Africa","1997","Metric tons","72725","10"
"South Africa","1996","Metric tons","65438","10"
"South Africa","1995","Metric tons","65237","10"
"Sweden","2016","Metric tons","9306.3",""
"Sweden","2016","Mil. USD","641.769954201008",""
"Sweden","2015","Metric tons","8934.2",""
"Sweden","2015","Mil. USD","614.237909473069",""
"Sweden","2014","Metric tons","8611",""
"Sweden","2014","Mil. USD","752.027646982087",""
"Sweden","2013","Metric tons","8256.8",""
"Sweden","2013","Mil. USD","723.298970406774",""
"Sweden","2012","Metric tons","8014.2",""
"Sweden","2012","Mil. USD","596.700007918223",""
"Sweden","2011","Metric tons","8331.7",""
"Sweden","2011","Mil. USD","584.903944335222",""
"Sweden","2010","Metric tons","8227.9",""
"Sweden","2010","Mil. USD","543.989435114624",""
"Sweden","2009","Metric tons","8040.8",""
"Sweden","2009","Mil. USD","457.563201290684",""
"Sweden","2008","Metric tons","7545.3",""
"Sweden","2008","Mil. USD","467.027110677923",""
"Sweden","2007","Metric tons","8026.1",""
"Sweden","2007","Mil. USD","383.414141922273",""
"Sweden","2006","Metric tons","8919",""
"Sweden","2006","Mil. USD","360.517778664518",""
"Sweden","2005","Metric tons","8071",""
"Sweden","2005","Mil. USD","306.432882612343",""
"Sweden","2004","Metric tons","7895",""
"Sweden","2004","Mil. USD","290.384121676481",""
"Sweden","2003","Metric tons","7942",""
"Sweden","2003","Mil. USD","235.088856518197",""
"Sweden","2002","Metric tons","7731",""
"Sweden","2002","Mil. USD","181.367734549937",""
"Sweden","2001","Metric tons","10255",""
"Sweden","2001","Mil. USD","160.516816387431",""
"Sweden","2000","Metric tons","9920",""
"Sweden","2000","Mil. USD","165.898220168585",""
"Sweden","1999","Metric tons","9039",""
"Sweden","1999","Mil. USD","172.709516189449",""
"Sweden","1998","Metric tons","9966",""
"Sweden","1998","Mil. USD","169.688348500706",""
"Sweden","1997","Metric tons","7717",""
"Sweden","1997","Mil. USD","156.25625895491",""
"Sweden","1996","Metric tons","7969",""
"Sweden","1996","Mil. USD","166.120986729831",""
"Sweden","1995","Metric tons","7690",""
"Switzerland","2007","Metric tons","7",""
"Switzerland","2006","Metric tons","49",""
"Switzerland","2005","Metric tons","80",""
"Switzerland","2004","Metric tons","68",""
"Switzerland","2003","Metric tons","78","12"
"Switzerland","2002","Metric tons","80","12"
"Switzerland","2001","Metric tons","86","12"
"Switzerland","2000","Metric tons","99","12"
"Switzerland","1999","Metric tons","125","12"
"Switzerland","1998","Metric tons","110","12"
"Switzerland","1997","Metric tons","135","12"
"Switzerland","1996","Metric tons","141","12"
"Switzerland","1995","Metric tons","189","12"
"Syrian Arab Republic","2010","Metric tons","15811","13,14"
"Syrian Arab Republic","2009","Metric tons","15494","13,14"
"Syrian Arab Republic","2008","Metric tons","12652",""
"Syrian Arab Republic","2007","Metric tons","13245",""
"Syrian Arab Republic","2006","Metric tons","13056",""
"Syrian Arab Republic","2005","Metric tons","11832",""
"Syrian Arab Republic","2004","Metric tons","13144",""
"Syrian Arab Republic","2003","Metric tons","13412",""
"Syrian Arab Republic","2002","Metric tons","12863",""
"Syrian Arab Republic","2001","Metric tons","12007",""
"Syrian Arab Republic","2000","Metric tons","11097",""
"Syrian Arab Republic","1999","Metric tons","10991",""
"Syrian Arab Republic","1998","Metric tons","10398",""
"Syrian Arab Republic","1997","Metric tons","10137",""
"Thailand","2006","Metric tons","71",""
"Thailand","2005","Metric tons","70",""
"Thailand","2004","Metric tons","63",""
"Thailand","2003","Metric tons","66",""
"Thailand","2002","Metric tons","78",""
"Thailand","2001","Metric tons","64",""
"Thailand","2000","Metric tons","74",""
"Thailand","1999","Metric tons","79",""
"Thailand","1998","Metric tons","74",""
"Thailand","1997","Metric tons","72",""
"Thailand","1996","Metric tons","60",""
"The former Yugoslav Republic of Macedonia","2016","Metric tons","22328",""
"The former Yugoslav Republic of Macedonia","2016","Mil. USD","106.723900812329","2"
"The former Yugoslav Republic of Macedonia","2015","Metric tons","20634",""
"The former Yugoslav Republic of Macedonia","2014","Metric tons","28085",""
"The former Yugoslav Republic of Macedonia","2013","Metric tons","25070",""
"The former Yugoslav Republic of Macedonia","2012","Metric tons","20103",""
"The former Yugoslav Republic of Macedonia","2011","Metric tons","25107",""
"The former Yugoslav Republic of Macedonia","2010","Metric tons","19944",""
"The former Yugoslav Republic of Macedonia","2009","Metric tons","14858",""
"The former Yugoslav Republic of Macedonia","2008","Metric tons","16737",""
"The former Yugoslav Republic of Macedonia","2007","Metric tons","18237",""
"The former Yugoslav Republic of Macedonia","2006","Metric tons","20634",""
"The former Yugoslav Republic of Macedonia","2005","Metric tons","15904",""
"The former Yugoslav Republic of Macedonia","2004","Metric tons","15720",""
"The former Yugoslav Republic of Macedonia","2003","Metric tons","25873",""
"The former Yugoslav Republic of Macedonia","2002","Metric tons","21067",""
"The former Yugoslav Republic of Macedonia","2001","Metric tons","18885",""
"The former Yugoslav Republic of Macedonia","2000","Metric tons","26766",""
"The former Yugoslav Republic of Macedonia","1999","Metric tons","26368",""
"The former Yugoslav Republic of Macedonia","1998","Metric tons","23297",""
"The former Yugoslav Republic of Macedonia","1997","Metric tons","14904",""
"The former Yugoslav Republic of Macedonia","1996","Metric tons","13980",""
"The former Yugoslav Republic of Macedonia","1995","Metric tons","16152",""
"Tunisia","2007","Metric tons","10447","14"
"Tunisia","2006","Metric tons","15328","14"
"Tunisia","2005","Metric tons","14383","14"
"Tunisia","2004","Metric tons","14467","14"
"Tunisia","2003","Metric tons","335",""
"Tunisia","2002","Metric tons","383",""
"Tunisia","2001","Metric tons","370",""
"Tunisia","2000","Metric tons","434",""
"Tunisia","1999","Metric tons","395",""
"Tunisia","1998","Metric tons","450",""
"Tunisia","1997","Metric tons","367",""
"Tunisia","1996","Metric tons","462",""
"Tunisia","1995","Metric tons","501",""
"Turkey","2016","Metric tons","229649",""
"Turkey","2016","Mil. USD","856.915408067084",""
"Turkey","2015","Metric tons","131550.428",""
"Turkey","2015","Mil. USD","892.322487968317",""
"Turkey","2014","Metric tons","128157.751",""
"Turkey","2014","Mil. USD","1011.19228386827",""
"Turkey","2013","Metric tons","104585.834",""
"Turkey","2013","Mil. USD","844.944862253879",""
"Turkey","2004","Metric tons","93",""
"Turkey","2003","Metric tons","117",""
"Turkey","2002","Metric tons","148",""
"Turkey","2001","Metric tons","110",""
"Turkey","2000","Metric tons","131","15"
"Turkey","1999","Metric tons","122","15"
"Turkey","1998","Metric tons","127","15"
"Turkey","1997","Metric tons","241","15"
"Turkey","1996","Metric tons","331","15"
"Turkey","1995","Metric tons","315","15"
"Ukraine","2014","Metric tons","10146",""
"Ukraine","2013","Metric tons","2727",""
"Ukraine","2012","Metric tons","2677",""
"Ukraine","2011","Metric tons","2471",""
"Ukraine","2010","Metric tons","3150",""
"Ukraine","2009","Metric tons","2444",""
"Ukraine","2008","Metric tons","4372",""
"Ukraine","2007","Metric tons","7053",""
"Ukraine","2006","Metric tons","9858",""
"Ukraine","2005","Metric tons","7771",""
"Ukraine","2004","Metric tons","7217",""
"Ukraine","2003","Metric tons","8812",""
"United Kingdom","2004","Metric tons","5186","6"
"United Kingdom","2004","Mil. USD","274.634735801384","6"
"United Kingdom","2003","Mil. USD","237.561686443065","6"
"United Kingdom","2002","Mil. USD","207.276923768653","6"
"United Kingdom","2001","Mil. USD","186.855345459257","6"
"United Kingdom","2000","Metric tons","5540","6"
"United Kingdom","1999","Metric tons","8368","6"
"United Kingdom","1999","Mil. USD","200.143402667112","6"
"United Kingdom","1998","Metric tons","6958","6"
"United Kingdom","1998","Mil. USD","190.287363908946","6"
"United Kingdom","1997","Metric tons","7619","6"
"United Kingdom","1997","Mil. USD","173.860054336969","6"
"United Kingdom","1996","Metric tons","6665","6"
"United Kingdom","1996","Mil. USD","167.405598044759","6"
"United Kingdom","1995","Metric tons","5690","6"
"United Kingdom","1995","Mil. USD","137.138033707613","6"
"United Republic of Tanzania","2015","Metric tons","52224","16"
"United Republic of Tanzania","2015","Mil. USD","61.5891114387923","16"
"United Republic of Tanzania","2014","Metric tons","53965","16"
"United Republic of Tanzania","2014","Mil. USD","75.7216798183206","16"
"United Republic of Tanzania","2013","Metric tons","77033","16"
"United Republic of Tanzania","2013","Mil. USD","106.661630265266","16"
"United Republic of Tanzania","2012","Metric tons","94420","16"
"United Republic of Tanzania","2011","Metric tons","54012","16"
"United Republic of Tanzania","2010","Metric tons","51548","16"
"United Republic of Tanzania","2009","Metric tons","75096","16"
"United Republic of Tanzania","2009","Mil. USD","101.420720132563","16"
"United Republic of Tanzania","2008","Metric tons","56193","16"
"United Republic of Tanzania","2008","Mil. USD","105.404891078189","16"
"United Republic of Tanzania","2007","Metric tons","57886","16"
"United Republic of Tanzania","2007","Mil. USD","238.134582155653","16"
"United Republic of Tanzania","2006","Metric tons","54685","16"
"United Republic of Tanzania","2006","Mil. USD","311.034274706611","16"
"United Republic of Tanzania","2005","Metric tons","68599","16"
"United Republic of Tanzania","2005","Mil. USD","156.630920795816","16"
"United Republic of Tanzania","2004","Metric tons","42080","16"
"United Republic of Tanzania","2003","Metric tons","21898","16"
"United Republic of Tanzania","2002","Metric tons","23805","16"
"United Republic of Tanzania","2001","Metric tons","17701","16"
"United Republic of Tanzania","2000","Metric tons","15107","16"
"United Republic of Tanzania","1999","Metric tons","15571","16"
"United Republic of Tanzania","1998","Metric tons","28197","16"
"United Republic of Tanzania","1997","Metric tons","25293","16"
"United Republic of Tanzania","1996","Metric tons","23586","16"
"United Republic of Tanzania","1995","Metric tons","14519","16"
"United States of America","1999","Metric tons","63672.566",""
"United States of America","1996","Metric tons","58226","17"
"Uruguay","2010","Mil. USD","12.0747135676638",""
"Uruguay","2003","Mil. USD","4.69090284847279",""
"Uruguay","2001","Mil. USD","8.91865031089397",""
"Uruguay","2000","Mil. USD","5.54392667521148",""
"Uruguay","1999","Mil. USD","5.53001172911908",""
"Uruguay","1998","Mil. USD","5.30447565313575",""
"Uruguay","1997","Mil. USD","5.84492058392615",""
"Uzbekistan","2016","Metric tons","5211.6",""
"Uzbekistan","2016","Mil. USD","6.32240060644475",""
"Uzbekistan","1997","Metric tons","9066",""
"Uzbekistan","1996","Metric tons","10247",""
"Uzbekistan","1995","Metric tons","3827",""
"Viet Nam","2005","Metric tons","12150",""
"Viet Nam","2004","Metric tons","12060",""
"Viet Nam","2003","Metric tons","8817",""
"Viet Nam","2002","Metric tons","6623",""
"Viet Nam","2001","Metric tons","1944",""
"Viet Nam","2000","Metric tons","1270",""
